{"cameraMode":{"drawMode":0,"name":"Shaded","section":"Shading Mode"},"sceneLighting":false,"audioPlay":false,"sceneViewState":{"showFog":true,"showMaterialUpdate":false,"showSkybox":false,"showFlares":true,"showImageEffects":true,"showParticleSystems":true},"in2DMode":false,"pivot":{"x":156.60446166992188,"y":39.54521560668945,"z":16.818626403808595},"rotation":{"x":0.04527200385928154,"y":0.03145834058523178,"z":-0.001425979076884687,"w":0.9984838366508484},"size":48.41878128051758,"orthographic":false}