{"cameraMode":{"drawMode":0,"name":"Shaded","section":"Shading Mode"},"sceneLighting":false,"audioPlay":false,"sceneViewState":{"showFog":true,"showMaterialUpdate":false,"showSkybox":true,"showFlares":true,"showImageEffects":true,"showParticleSystems":true},"in2DMode":false,"pivot":{"x":197.1681365966797,"y":40.405704498291019,"z":102.55543518066406},"rotation":{"x":0.06774897128343582,"y":-0.016466207802295686,"z":0.0011188912903890014,"w":0.9975724816322327},"size":134.53707885742188,"orthographic":false}